id,estimation_id,operation_id,work_center_id,material_id,operation_name,work_center_name,material_name,setup_time_hrs,cycle_time_hrs,rate_per_hour,cost_per_unit,notes
e2000000-0000-0000-0000-000000000001,e0000000-0000-0000-0000-000000000001,50000000-0000-0000-0000-000000000001,a0000000-0000-0000-0000-000000000001,40000000-0000-0000-0000-000000000001,Turning,CNC Lathe #1,SS 316,0.25,0.50,1100.00,825.00,OD and ID turning
e2000000-0000-0000-0000-000000000002,e0000000-0000-0000-0000-000000000001,50000000-0000-0000-0000-000000000002,a0000000-0000-0000-0000-000000000002,40000000-0000-0000-0000-000000000001,Drilling,CNC Mill #2,SS 316,0.10,0.20,750.00,225.00,6x through holes dia 10
e2000000-0000-0000-0000-000000000003,e0000000-0000-0000-0000-000000000001,50000000-0000-0000-0000-000000000003,a0000000-0000-0000-0000-000000000002,40000000-0000-0000-0000-000000000001,Spot Facing,CNC Mill #2,SS 316,0.10,0.15,800.00,200.00,Bolt seating faces
e2000000-0000-0000-0000-000000000004,e0000000-0000-0000-0000-000000000001,50000000-0000-0000-0000-000000000005,a0000000-0000-0000-0000-000000000003,40000000-0000-0000-0000-000000000001,Heat Treatment,Vendor: ABC Coatings,SS 316,0.00,0.50,600.00,300.00,Stress relief
e2000000-0000-0000-0000-000000000005,e0000000-0000-0000-0000-000000000002,50000000-0000-0000-0000-000000000001,a0000000-0000-0000-0000-000000000001,40000000-0000-0000-0000-000000000001,Turning,CNC Lathe #1,SS 316,0.25,0.75,1100.00,1100.00,OD and ID turning - extended length
e2000000-0000-0000-0000-000000000006,e0000000-0000-0000-0000-000000000002,50000000-0000-0000-0000-000000000002,a0000000-0000-0000-0000-000000000002,40000000-0000-0000-0000-000000000001,Drilling,CNC Mill #2,SS 316,0.10,0.30,750.00,300.00,8x through holes dia 10
e2000000-0000-0000-0000-000000000007,e0000000-0000-0000-0000-000000000002,50000000-0000-0000-0000-000000000003,a0000000-0000-0000-0000-000000000002,40000000-0000-0000-0000-000000000001,Spot Facing,CNC Mill #2,SS 316,0.10,0.20,800.00,240.00,Bolt seating faces
e2000000-0000-0000-0000-000000000008,e0000000-0000-0000-0000-000000000002,50000000-0000-0000-0000-000000000004,a0000000-0000-0000-0000-000000000002,40000000-0000-0000-0000-000000000001,Surface Grinding,CNC Mill #2,SS 316,0.15,0.25,900.00,360.00,Ground faces both ends
e2000000-0000-0000-0000-000000000009,e0000000-0000-0000-0000-000000000002,50000000-0000-0000-0000-000000000005,a0000000-0000-0000-0000-000000000003,40000000-0000-0000-0000-000000000001,Heat Treatment,Vendor: ABC Coatings,SS 316,0.00,0.60,600.00,360.00,Stress relief
